<?xml version="1.0" encoding="utf-8"?>
<ApplicationInstallerManifest>
   <DefaultInstallationDirectory>/Applications/DIFFUSUP/</DefaultInstallationDirectory>
   <ApplicationName>DIFFUSUP</ApplicationName>
   <ExecutableName>application/DIFFUSUP.exe</ExecutableName>
   <GUID>20d956ef-3425-4851-b371-3340c36c6f4e</GUID>
   <ApplicationIcon>default_icon_48.png</ApplicationIcon>
   <Logo>logo2927880444280510402.tmp</Logo>
   <Version>1.13</Version>
   <InstallationNotes>In the following directions, replace MR/v99 by the directory on the target machine where MATLAB is installed, or MR by the directory where the MATLAB Runtime is installed.

If the environment variable DYLD_LIBRARY_PATH is undefined, set it to the following string:

MR/v99/runtime/maci64:MR/v99/sys/os/maci64:MR/v99/bin/maci64

If it is defined, set it to the following:

${DYLD_LIBRARY_PATH}:MR/v99/runtime/maci64:MR/v99/sys/os/maci64:MR/v99/bin/maci64
</InstallationNotes>
   <WelcomePanelText>DIFFUSUP 1.13

A software designed for diffusion modelling

Junxing Chen
junxing.chen@mail.utoronto.ca</WelcomePanelText>
   <MCRProducts>
      <MCRProduct>
         <ExternalProductIdentifier>35000</ExternalProductIdentifier>
      </MCRProduct>
      <MCRProduct>
         <ExternalProductIdentifier>35010</ExternalProductIdentifier>
      </MCRProduct>
      <MCRProduct>
         <ExternalProductIdentifier>35117</ExternalProductIdentifier>
      </MCRProduct>
   </MCRProducts>
</ApplicationInstallerManifest>